{"mu": {"A0_r1": -0.000525279984201132, "A0_m20": -0.0005720325419168916, "A0_s20": 0.009750649921896353, "A1_r1": 0.0016572817879820258, "A1_m20": 0.0015846421620715023, "A1_s20": 0.00938678127387168, "A2_r1": -0.001032428903170112, "A2_m20": -0.0007289611570356698, "A2_s20": 0.009062260757884707, "A3_r1": -0.0001068030012258658, "A3_m20": -6.328960516981473e-05, "A3_s20": 0.009381276502741714, "A4_r1": -0.0008520304100748517, "A4_m20": -0.0007661836863413409, "A4_s20": 0.009531389304914503}, "sigma": {"A0_r1": 0.009899887168559664, "A0_m20": 0.0021302195915605224, "A0_s20": 0.0015339852872615556, "A1_r1": 0.009605129899922266, "A1_m20": 0.0024348516863555198, "A1_s20": 0.0012451148254093128, "A2_r1": 0.009074371944719595, "A2_m20": 0.002511961083709544, "A2_s20": 0.0013517363430434362, "A3_r1": 0.009659843332354923, "A3_m20": 0.0016668922961332235, "A3_s20": 0.0016276025064887736, "A4_r1": 0.00974585400646105, "A4_m20": 0.0017520239559031844, "A4_s20": 0.0007326927339271712}, "columns": ["A0_r1", "A0_m20", "A0_s20", "A1_r1", "A1_m20", "A1_s20", "A2_r1", "A2_m20", "A2_s20", "A3_r1", "A3_m20", "A3_s20", "A4_r1", "A4_m20", "A4_s20"], "multiindex": false}