base_bps,sharpe,max_drawdown,turnover,num_steps
0,0.0,0.0,0.5606057231033683,0
1,0.0,0.0,0.5606057231033683,0
2,0.0,0.0,0.5606057231033683,0
3,0.0,0.0,0.5606057231033683,0
4,0.0,0.0,0.5606057231033683,0
5,0.0,0.0,0.5606057231033683,0
6,0.0,0.0,0.5606057231033683,0
7,0.0,0.0,0.5606057231033683,0
8,0.0,0.0,0.5606057231033683,0
9,0.0,0.0,0.5606057231033683,0
10,0.0,0.0,0.5606057231033683,0
